date,video_id,views,likes,comments
2026-10-01,0Zsljntls0k,4048,,
2026-10-01,0c5PF6WpL7o,1172,,
2026-10-01,132bn7FWRws,3327,,
2026-10-01,1GeNGNh50Fw,11385,,
2026-10-01,1eL6P_PR6FA,205307,,
2026-10-01,4n4yKMederk,9839,,
2026-10-01,5POKUC3oXqw,2150,,
2026-10-01,5nA2pvB3qjA,5810,,
2026-10-01,5zi4AXEg4HE,3661,,
2026-10-01,8tutVKxm8Fk,9388,,
2026-10-01,9rJgQmuc2SM,7093,,
2026-10-01,ATXZbbUsHVw,9697,,
2026-10-01,Ak6bqOmu8ZI,13407,,
2026-10-01,GkiVQ_WvpZA,13191,,
2026-10-01,I6nU9HD6GVk,1085,,
2026-10-01,JJ0wEMAa0Qg,8690,,
2026-10-01,JpctKDg71Pg,1453,,
2026-10-01,MdkVvgET0Wg,14478,,
2026-10-01,NEahGL5R0HI,14218,,
2026-10-01,NJXuNpJ26us,3841,,
2026-10-01,Pg0oIg89uDQ,5317,,
2026-10-01,W1UJAOQQDWk,9066,,
2026-10-01,aEQu0cO-iG8,2873,,
2026-10-01,aVKjY_uB3tA,3332,,
2026-10-01,eARwhWcSGKo,6913,,
2026-10-01,fnKAo4k4j0I,27644,,
2026-10-01,fwJag8kazvc,1313,,
2026-10-01,hVVP3uqEbXg,9424,,
2026-10-01,nqQ_uK7yUBw,3616,,
2026-10-01,ozShLRF_xgU,2705,,
2026-10-01,pCghepSi0M8,18426,,
2026-10-01,r6_PIKzQJ8Q,3585,,
2026-10-01,rOfzCD6AT9A,3009,,
2026-10-01,roO2HBjdtQw,6287,,
2026-10-01,uNX13pgpGBU,6000,,
2026-10-01,uyU-yMW5jMg,4277,,
2026-10-02,-Fkj0aK2dO8,6164,265,51
2026-10-02,0Zsljntls0k,4065,172,28
2026-10-02,0c5PF6WpL7o,1175,93,16
2026-10-02,132bn7FWRws,3332,64,24
2026-10-02,1GeNGNh50Fw,11414,180,25
2026-10-02,1eL6P_PR6FA,210269,1778,159
2026-10-02,4n4yKMederk,9889,360,42
2026-10-02,5POKUC3oXqw,2285,41,14
2026-10-02,5nA2pvB3qjA,10356,232,57
2026-10-02,5zi4AXEg4HE,3673,60,14
2026-10-02,7sRKccOoPbY,9438,436,61
2026-10-02,8tutVKxm8Fk,9518,164,20
2026-10-02,9rJgQmuc2SM,7104,379,35
2026-10-02,ATXZbbUsHVw,9739,193,37
2026-10-02,Ak6bqOmu8ZI,14564,248,40
2026-10-02,Ati51CQqpKY,6542,326,56
2026-10-02,GME--_-r_lU,3808,228,23
2026-10-02,GkiVQ_WvpZA,13247,381,18
2026-10-02,I6nU9HD6GVk,1102,92,10
2026-10-02,JJ0wEMAa0Qg,8745,370,22
2026-10-02,JpctKDg71Pg,1461,126,28
2026-10-02,KNwEQXDv5XM,8875,381,49
2026-10-02,Kh_0ICA5cfg,6650,406,63
2026-10-02,MOmBOx1LEJU,53159,1960,164
2026-10-02,MdkVvgET0Wg,14670,296,50
2026-10-02,NEahGL5R0HI,14299,653,62
2026-10-02,NJXuNpJ26us,3868,231,21
2026-10-02,Pg0oIg89uDQ,5342,316,38
2026-10-02,QQh0twun7tg,51437,1773,114
2026-10-02,U9sNqbVd1L8,4821,312,50
2026-10-02,W1UJAOQQDWk,9135,174,18
2026-10-02,_ALc4VJkpjA,14098,482,82
2026-10-02,aEQu0cO-iG8,2892,164,14
2026-10-02,aVKjY_uB3tA,3357,222,39
2026-10-02,cMFi9XkhDDQ,2647,139,48
2026-10-02,ccZaP6LEaLI,10686,530,54
2026-10-02,eARwhWcSGKo,6932,134,41
2026-10-02,eokbRB_Y2CU,4855,264,37
2026-10-02,f1eFQJocAow,8142,350,69
2026-10-02,fnKAo4k4j0I,27684,498,153
2026-10-02,fwJag8kazvc,1316,100,20
2026-10-02,hVVP3uqEbXg,9494,684,78
2026-10-02,mOqGGh-ot08,13907,576,86
2026-10-02,nqQ_uK7yUBw,3638,207,22
2026-10-02,ozShLRF_xgU,2712,52,10
2026-10-02,p-Ig77st4KY,9767,481,70
2026-10-02,pCghepSi0M8,18577,578,146
2026-10-02,pTqxjQV_PYU,10283,401,46
2026-10-02,pj41DZonKFU,6389,303,32
2026-10-02,ppIXkOvS4WI,5034,270,47
2026-10-02,r6_PIKzQJ8Q,3608,260,79
2026-10-02,rOfzCD6AT9A,3070,53,8
2026-10-02,roO2HBjdtQw,6314,427,98
2026-10-02,sl11WONqgaQ,3902,281,46
2026-10-02,uNX13pgpGBU,6030,340,32
2026-10-02,uyU-yMW5jMg,4401,78,21
2026-10-02,yJTEsQi0G98,1764,133,47
2026-10-02,zXbAf49C9vE,7790,389,32
2026-10-03,0Zsljntls0k,4069,172,28
2026-10-03,0c5PF6WpL7o,1175,93,16
2026-10-03,132bn7FWRws,3334,64,24
2026-10-03,1GeNGNh50Fw,11424,180,25
2026-10-03,1eL6P_PR6FA,210963,1779,159
2026-10-03,4n4yKMederk,9897,360,42
2026-10-03,5POKUC3oXqw,2313,42,14
2026-10-03,5nA2pvB3qjA,10596,234,57
2026-10-03,5zi4AXEg4HE,3679,60,14
2026-10-03,8tutVKxm8Fk,9519,164,20
2026-10-03,9rJgQmuc2SM,7105,379,35
2026-10-03,ATXZbbUsHVw,9742,193,37
2026-10-03,Ak6bqOmu8ZI,14676,252,40
2026-10-03,GkiVQ_WvpZA,13253,381,18
2026-10-03,I6nU9HD6GVk,1102,92,10
2026-10-03,JJ0wEMAa0Qg,8747,371,22
2026-10-03,JpctKDg71Pg,1463,126,28
2026-10-03,MdkVvgET0Wg,14686,296,50
2026-10-03,NEahGL5R0HI,14305,653,62
2026-10-03,NJXuNpJ26us,3869,231,21
2026-10-03,Pg0oIg89uDQ,5347,316,38
2026-10-03,W1UJAOQQDWk,9143,174,18
2026-10-03,aEQu0cO-iG8,2894,164,14
2026-10-03,aVKjY_uB3tA,3357,222,39
2026-10-03,bQrjspu4mSo,1105,23,5
2026-10-03,eARwhWcSGKo,6933,134,41
2026-10-03,fnKAo4k4j0I,27687,498,153
2026-10-03,fwJag8kazvc,1316,100,20
2026-10-03,hVVP3uqEbXg,9502,684,78
2026-10-03,nqQ_uK7yUBw,3641,207,22
2026-10-03,ozShLRF_xgU,2713,52,10
2026-10-03,pCghepSi0M8,18588,578,146
2026-10-03,r6_PIKzQJ8Q,3611,260,79
2026-10-03,rOfzCD6AT9A,3077,53,8
2026-10-03,roO2HBjdtQw,6317,427,98
2026-10-03,uyU-yMW5jMg,4409,78,21
2026-10-04,0Zsljntls0k,4071,172,28
2026-10-04,0c5PF6WpL7o,1178,93,16
2026-10-04,132bn7FWRws,3337,64,24
2026-10-04,1GeNGNh50Fw,11434,180,25
2026-10-04,1eL6P_PR6FA,214012,1801,161
2026-10-04,2ofNdVb9xTo,1227,25,4
2026-10-04,4n4yKMederk,9926,360,42
2026-10-04,5POKUC3oXqw,2367,42,14
2026-10-04,5nA2pvB3qjA,11722,242,60
2026-10-04,5zi4AXEg4HE,3683,60,14
2026-10-04,8tutVKxm8Fk,9547,164,20
2026-10-04,9rJgQmuc2SM,7110,379,35
2026-10-04,ATXZbbUsHVw,9756,194,37
2026-10-04,Ak6bqOmu8ZI,15152,256,40
2026-10-04,GkiVQ_WvpZA,13278,381,18
2026-10-04,I6nU9HD6GVk,1107,92,10
2026-10-04,JJ0wEMAa0Qg,8775,371,22
2026-10-04,JpctKDg71Pg,1467,128,28
2026-10-04,MdkVvgET0Wg,14779,298,50
2026-10-04,NEahGL5R0HI,14367,653,62
2026-10-04,NJXuNpJ26us,3873,231,21
2026-10-04,Pg0oIg89uDQ,5355,316,38
2026-10-04,W1UJAOQQDWk,9164,174,18
2026-10-04,aEQu0cO-iG8,2903,164,14
2026-10-04,aVKjY_uB3tA,3378,222,39
2026-10-04,bQrjspu4mSo,2302,38,11
2026-10-04,eARwhWcSGKo,6939,134,41
2026-10-04,fnKAo4k4j0I,27694,499,153
2026-10-04,fwJag8kazvc,1321,102,20
2026-10-04,hVVP3uqEbXg,9531,685,78
2026-10-04,nqQ_uK7yUBw,3649,206,22
2026-10-04,ozShLRF_xgU,2719,52,10
2026-10-04,pCghepSi0M8,18663,578,146
2026-10-04,r6_PIKzQJ8Q,3632,262,79
2026-10-04,rOfzCD6AT9A,3100,53,8
2026-10-04,roO2HBjdtQw,6340,427,98
2026-10-04,uyU-yMW5jMg,4462,78,21
2026-10-05,0PBCtb7Va-c,7573,327,56
2026-10-05,0Zsljntls0k,4076,172,28
2026-10-05,0c5PF6WpL7o,1181,94,16
2026-10-05,132bn7FWRws,3342,65,24
2026-10-05,1GeNGNh50Fw,11444,180,25
2026-10-05,1eL6P_PR6FA,217448,1827,161
2026-10-05,2ofNdVb9xTo,2142,32,7
2026-10-05,3A0Gwb7nmw8,2951,109,20
2026-10-05,4n4yKMederk,9949,360,42
2026-10-05,5POKUC3oXqw,2414,43,14
2026-10-05,5b4RSDrkc8I,5165,273,28
2026-10-05,5nA2pvB3qjA,12910,253,60
2026-10-05,5zi4AXEg4HE,3689,60,14
2026-10-05,8tutVKxm8Fk,9582,166,20
2026-10-05,9rJgQmuc2SM,7112,379,35
2026-10-05,ATXZbbUsHVw,9772,194,37
2026-10-05,Ak6bqOmu8ZI,15447,260,41
2026-10-05,ClAz_Etby1k,4139,243,53
2026-10-05,F5WCr1Md6mk,2229,120,48
2026-10-05,GkiVQ_WvpZA,13305,382,18
2026-10-05,I6nU9HD6GVk,1109,91,10
2026-10-05,IM0HdpgIDq8,12747,532,90
2026-10-05,JJ0wEMAa0Qg,8809,372,22
2026-10-05,JpctKDg71Pg,1472,128,28
2026-10-05,MdkVvgET0Wg,14880,299,50
2026-10-05,N9CZswDtnCA,3902,231,84
2026-10-05,NEahGL5R0HI,14433,653,62
2026-10-05,NJXuNpJ26us,3884,231,21
2026-10-05,Nhb3_wu7Ddk,15303,689,44
2026-10-05,Pg0oIg89uDQ,5367,316,38
2026-10-05,PmY9rmZK_oM,2221,134,14
2026-10-05,UVkQsLv7n2s,2523,183,28
2026-10-05,UxyCkiufJyg,3673,200,46
2026-10-05,W1UJAOQQDWk,9183,174,18
2026-10-05,WUchEyRFIxw,4322,230,34
2026-10-05,aEQu0cO-iG8,2915,165,14
2026-10-05,aVKjY_uB3tA,3393,222,39
2026-10-05,bQrjspu4mSo,2834,43,13
2026-10-05,dA0DwmLmQ9s,8258,369,65
2026-10-05,eARwhWcSGKo,6946,135,41
2026-10-05,fnKAo4k4j0I,27706,499,153
2026-10-05,fwJag8kazvc,1324,103,22
2026-10-05,gAlQprevPh0,3317,245,40
2026-10-05,hJ3DwYLFjcY,4116,174,16
2026-10-05,hVVP3uqEbXg,9552,685,78
2026-10-05,iY0az_GdCiI,6305,473,86
2026-10-05,nqQ_uK7yUBw,3662,206,22
2026-10-05,ozShLRF_xgU,2724,53,10
2026-10-05,pCghepSi0M8,18743,581,146
2026-10-05,r6_PIKzQJ8Q,3643,261,79
2026-10-05,rOfzCD6AT9A,3112,54,8
2026-10-05,roO2HBjdtQw,6362,427,98
2026-10-05,svTgRSTyypU,31495,1099,102
2026-10-05,uyU-yMW5jMg,4535,78,21
2026-10-05,xGMFiacVSrk,5436,213,31
2026-10-05,xZIOdejjTlg,3318,234,84
2026-10-05,yeBCQurwTAM,4124,208,22
2026-10-05,zx1Xu1eI_UM,2255,132,18
2026-10-06,0Zsljntls0k,4083,172,28
2026-10-06,0c5PF6WpL7o,1181,94,16
2026-10-06,132bn7FWRws,3344,65,24
2026-10-06,1GeNGNh50Fw,11458,180,25
2026-10-06,1eL6P_PR6FA,221344,1858,161
2026-10-06,2ofNdVb9xTo,2440,34,8
2026-10-06,4n4yKMederk,9967,361,42
2026-10-06,5POKUC3oXqw,2443,43,14
2026-10-06,5nA2pvB3qjA,13604,263,60
2026-10-06,5zi4AXEg4HE,3693,61,14
2026-10-06,8tutVKxm8Fk,9611,166,20
2026-10-06,9rJgQmuc2SM,7118,379,35
2026-10-06,ATXZbbUsHVw,9786,194,37
2026-10-06,Ak6bqOmu8ZI,15602,264,41
2026-10-06,GkiVQ_WvpZA,13331,383,18
2026-10-06,I6nU9HD6GVk,1110,91,10
2026-10-06,JJ0wEMAa0Qg,8819,372,22
2026-10-06,JpctKDg71Pg,1480,128,28
2026-10-06,MdkVvgET0Wg,14966,300,50
2026-10-06,NEahGL5R0HI,14496,653,62
2026-10-06,NJXuNpJ26us,3887,231,21
2026-10-06,Pg0oIg89uDQ,5380,316,38
2026-10-06,SoVnrdQ7b_s,5466,296,19
2026-10-06,W1UJAOQQDWk,9203,174,18
2026-10-06,aEQu0cO-iG8,2925,165,14
2026-10-06,aVKjY_uB3tA,3412,223,39
2026-10-06,bQrjspu4mSo,3227,43,13
2026-10-06,eARwhWcSGKo,6954,136,41
2026-10-06,fnKAo4k4j0I,27720,499,153
2026-10-06,fwJag8kazvc,1327,103,22
2026-10-06,hVVP3uqEbXg,9584,687,78
2026-10-06,nqQ_uK7yUBw,3671,207,22
2026-10-06,ozShLRF_xgU,2727,53,10
2026-10-06,pCghepSi0M8,18808,581,146
2026-10-06,r6_PIKzQJ8Q,3659,261,79
2026-10-06,rOfzCD6AT9A,3120,54,8
2026-10-06,uyU-yMW5jMg,4571,78,21
2026-10-07,--eCZ5KJphU,2019,86,19
2026-10-07,-27X7n7IstM,7260,390,57
2026-10-07,-3dLSMzi38k,5239,95,40
2026-10-07,-FJcDEQ2CB0,15126,718,89
2026-10-07,-GYR8m5pqkI,10938,345,54
2026-10-07,-SxNX1_ipZ0,4619,166,53
2026-10-07,-WID9zHoKhE,374,10,12
2026-10-07,-pXsceBZ-uI,1979,113,17
2026-10-07,01F_B8RaurQ,364,21,9
2026-10-07,0A3d0lovA9c,3314,164,16
2026-10-07,0BvJ_8VSpAQ,20367,640,83
2026-10-07,0JFuxpSFiLo,22094,830,98
2026-10-07,0Mur3o4gJn4,6044,180,44
2026-10-07,0U0-9stDv2w,6918,276,23
2026-10-07,0YdWcjA5acg,8353,277,22
2026-10-07,0Zsljntls0k,4095,172,28
2026-10-07,0_I4PHJ-miw,21910,501,113
2026-10-07,0c5PF6WpL7o,1183,94,16
2026-10-07,0dqRFbgCuVg,6793,321,18
2026-10-07,0irTZK6Z_YI,1010,33,12
2026-10-07,0jvB7_mRdVk,1574,90,45
2026-10-07,0luCN1MyFX8,11439,396,70
2026-10-07,0nv1NY1lx_E,5428,203,26
2026-10-07,0t_oTJZ6Irs,7077,276,92
2026-10-07,132bn7FWRws,3348,65,24
2026-10-07,13jLs1WwfTY,4951,177,33
2026-10-07,14FLm6zvvlM,3344,108,38
2026-10-07,1APEiSZz2zM,324,33,29
2026-10-07,1GeNGNh50Fw,11471,181,25
2026-10-07,1M5hO5Iz4hQ,11899,298,40
2026-10-07,1WejSH57PSA,556,34,15
2026-10-07,1_CE104JHi8,4528,223,67
2026-10-07,1eL6P_PR6FA,223972,1879,161
2026-10-07,1fn9RPaSFvM,4291,150,37
2026-10-07,1gAj8idUtrk,13160,587,39
2026-10-07,1k6Bzkiw48o,11317,591,60
2026-10-07,1qYWYaGdxt4,1458,37,3
2026-10-07,1uRRhugMzlE,4550,269,43
2026-10-07,1vJB1yOPOf0,7549,402,146
2026-10-07,1yK9VWnQpx4,22745,515,41
2026-10-07,24Ib0j0xDxE,16179,418,78
2026-10-07,2CnmP8lvGE4,6509,333,38
2026-10-07,2JqFe4tSOyk,11339,778,132
2026-10-07,2OdJHlmdu3A,3446,431,97
2026-10-07,2WaFFWc3lno,6361,219,80
2026-10-07,2bY_4Ut49J8,4138,185,28
2026-10-07,2l0-duQwSfI,5502,376,57
2026-10-07,2lZK2lUb6ew,10796,368,23
2026-10-07,2ofNdVb9xTo,2579,34,8
2026-10-07,2qLT-wnFaP0,8113,312,34
2026-10-07,2qZb4PtGQUg,3305,153,31
2026-10-07,2qron8l5-WA,3019,187,28
2026-10-07,2vAcCPS9-YE,3164,151,41
2026-10-07,3BNqAqRukts,18165,823,83
2026-10-07,3Cm_qVj04z0,343,27,15
2026-10-07,3DNRCakknE0,4697,219,44
2026-10-07,3HUs08W6-8o,16323,332,78
2026-10-07,3KJwgGv_hq0,4115,219,35
2026-10-07,3Nh8y-oesJ0,8205,328,48
2026-10-07,3gPoLb5rT70,17074,408,80
2026-10-07,3iUH-OYuGIo,235,18,7
2026-10-07,3jZh-NYS564,7100,271,41
2026-10-07,3nGph8PX2-Q,3556,258,54
2026-10-07,3xtwXWyEfhk,1802,89,43
2026-10-07,49KORRES2ks,2357,73,9
2026-10-07,4Q1Xe92xmwI,10033,456,51
2026-10-07,4VN65sXHXSU,5910,266,88
2026-10-07,4WHM_GRby90,5970,253,82
2026-10-07,4aUWIhJE2n4,3722,169,17
2026-10-07,4b4THjNuDW0,613,32,17
2026-10-07,4n-UnjzY3B0,254,16,5
2026-10-07,4n4yKMederk,9992,361,42
2026-10-07,4qtFClwSzc8,1470,38,10
2026-10-07,4r4Fv5i5zCI,7358,208,33
2026-10-07,4tli9Q4KZ3w,3480,173,67
2026-10-07,4vHxpaifn9w,25542,1464,158
2026-10-07,4zfnW56TcvY,3042,99,18
2026-10-07,5I2-cQ7oa10,3703,129,29
2026-10-07,5MHf5WPH1v4,4885,228,37
2026-10-07,5POKUC3oXqw,2471,44,14
2026-10-07,5R6l50LDlV4,3622,171,24
2026-10-07,5kFO9eUjRPk,13104,655,135
2026-10-07,5nA2pvB3qjA,14420,268,62
2026-10-07,5sVEspUzpGY,3841,288,94
2026-10-07,5t3KYPZKUe4,10970,324,70
2026-10-07,5zi4AXEg4HE,3695,61,14
2026-10-07,615ClJ5oqkw,1236,26,6
2026-10-07,62v6RgdBly0,2466,113,26
2026-10-07,69_RI4iZxuQ,6620,196,62
2026-10-07,6BegJIenaBE,9958,355,31
2026-10-07,6Bmjis1ofzE,6253,282,16
2026-10-07,6SV0Lm47pvY,2489,86,25
2026-10-07,6TcR8BFdyJM,2952,124,46
2026-10-07,6VUBa5NSLU8,993,38,8
2026-10-07,6Xmd08nL2G4,4898,206,28
2026-10-07,6d8jMrgjDuE,3301,92,6
2026-10-07,6iCAxQUz4aQ,6053,440,65
2026-10-07,6l3bIPltt3A,7385,337,64
2026-10-07,6ob9UwPviJA,5278,212,12
2026-10-07,6tcSoXsMs9c,6424,381,108
2026-10-07,6vhfb7LUUYc,3631,178,32
2026-10-07,6zLWdLXiJC8,14395,399,37
2026-10-07,73a6CtNTac4,10507,497,41
2026-10-07,7BXf6nTyiCQ,3933,202,38
2026-10-07,7BkLmVdcaJw,6841,319,65
2026-10-07,7EgU3ReHrIc,1269,69,23
2026-10-07,7FZrM9iMsCM,6383,472,72
2026-10-07,7IZ5eCJ3Vqc,2551,143,44
2026-10-07,7NZvpCqH7eA,2784,148,47
2026-10-07,7NbPwroPQ80,3066,150,37
2026-10-07,7Odyxk-S9f0,54268,1062,201
2026-10-07,7PSt_Gouh6g,2832,152,21
2026-10-07,7cpCkvLwQsI,2176,83,18
2026-10-07,7dlhZLngdvM,8956,296,52
2026-10-07,7m_UlzkGLlA,38756,1558,139
2026-10-07,7tKbMZqzLks,2885,193,19
2026-10-07,7ufObjxCBKI,18600,795,68
2026-10-07,7wuBlcFsfvc,4390,298,102
2026-10-07,7zHiFWEJfZY,8952,393,43
2026-10-07,87Vb6sa1KcY,1462,116,85
2026-10-07,8OPlCKgcSO8,6720,274,50
2026-10-07,8T1Pe58GJpw,4331,140,38
2026-10-07,8UOwBfCgZn8,1055,77,16
2026-10-07,8UWpsEyQwCU,4043,207,45
2026-10-07,8_fxIwJi8eI,13059,418,56
2026-10-07,8fwEHUkKTFc,1283,50,8
2026-10-07,8hbiWsIlhQ0,1295,74,24
2026-10-07,8pRl03u-hjI,8321,422,66
2026-10-07,8r9S_xIzqLk,4138,168,44
2026-10-07,8tmQ6wySUSI,4705,248,48
2026-10-07,8tutVKxm8Fk,9630,166,20
2026-10-07,900BOlBTFNg,37022,1165,130
2026-10-07,99bQhxWPWuo,9510,395,85
2026-10-07,9BmwbWSPXwY,4883,263,73
2026-10-07,9Fhr7gYQPBM,1529,29,7
2026-10-07,9O3XYd0F6VI,11756,404,133
2026-10-07,9Ot1RhssfL0,777,34,13
2026-10-07,9TvuNO-fnXM,16455,416,62
2026-10-07,9_6yRxY8iiY,9974,403,31
2026-10-07,9cZh_IuGMyM,393,20,7
2026-10-07,9dFDeUNHViY,9498,369,38
2026-10-07,9gFQ9rFMKEA,39917,1951,179
2026-10-07,9h2v-rVmwEA,8795,355,103
2026-10-07,9hOkPAYmpPM,6741,187,42
2026-10-07,9hgzA60ZGZg,5697,335,53
2026-10-07,9rJgQmuc2SM,7125,379,35
2026-10-07,9rVcXaVHCXw,2645,255,78
2026-10-07,9wgzzLCatp8,856,67,26
2026-10-07,9yg2AIYdu6E,1760,129,26
2026-10-07,A4wr-iI2hJU,22196,699,114
2026-10-07,A5ojgoN39Lc,6555,281,65
2026-10-07,A9RXB8YTc6Y,13713,620,47
2026-10-07,ADwtKtLtE8Q,2045,61,8
2026-10-07,AKDQisHl8Ek,3953,157,32
2026-10-07,AKJRVoJu_Q4,7617,300,46
2026-10-07,ANYrzwn5h_M,4671,410,123
2026-10-07,AO1WNfgIgiE,8611,205,49
2026-10-07,ASSnCNI-KlM,1280,36,5
2026-10-07,ATXZbbUsHVw,9808,194,37
2026-10-07,AU7Z9h1x1Ys,702,37,12
2026-10-07,AUG114ir5eQ,1250,80,25
2026-10-07,AUxR3aTc3ng,1519,35,10
2026-10-07,AaCd4amsV0U,2048,56,23
2026-10-07,Ac6AOC9yxJE,4355,209,59
2026-10-07,AcR00ZHbVKU,7628,490,65
2026-10-07,AgcnylfczPE,10896,440,58
2026-10-07,Ak6bqOmu8ZI,15900,267,41
2026-10-07,AmYVHRf2Aq8,8711,389,62
2026-10-07,Ao4VRNX_h4A,13054,438,37
2026-10-07,Aq3emUbqTbA,807,20,1
2026-10-07,B0IPEMdrCRA,3071,150,37
2026-10-07,B5xTJMahaK4,2529,195,93
2026-10-07,B9FbWxNdJPY,19983,594,75
2026-10-07,B9zmRMY6ISI,2781,268,89
2026-10-07,BNze82M59-E,7125,283,44
2026-10-07,BSum-2t0a28,4671,98,32
2026-10-07,B_OF2TYLnQw,6372,198,43
2026-10-07,B_rcAwySccg,3609,188,52
2026-10-07,BdCpg8-TlGg,3606,145,24
2026-10-07,BfLT1TlZInE,20382,577,97
2026-10-07,BfjZU1zyiOc,1883,168,60
2026-10-07,BkAhos9qrLQ,2143,122,14
2026-10-07,BsWIaYs09vc,6368,195,30
2026-10-07,BskXYIlyNzA,6006,182,96
2026-10-07,C5ETgNOq1gQ,14753,494,34
2026-10-07,C5Rh96Gz8yg,6998,122,24
2026-10-07,C9AMwVwgVPo,3095,85,19
2026-10-07,C9FJCiew0s8,4085,111,42
2026-10-07,CD6KcQMdzfc,2844,232,139
2026-10-07,CEF9v_JMVe8,7382,357,58
2026-10-07,CJkJWnPzguM,22340,659,113
2026-10-07,CKAGWlmyXbA,8966,344,32
2026-10-07,CMh4ttABaiE,1236,132,28
2026-10-07,CSTFP0gKnd8,5372,523,172
2026-10-07,CUpAWj1wVbU,25387,895,148
2026-10-07,CVFIzDp5iio,11337,723,123
2026-10-07,CYn4JoQTD1I,674,31,6
2026-10-07,CYvruxt8Ocw,5465,282,102
2026-10-07,CgzCQr9ilsw,392,20,23
2026-10-07,ChKL1KyjlZ4,5317,191,52
2026-10-07,CkghB9G4vOo,215,11,0
2026-10-07,Cpa04rQyl18,9793,433,61
2026-10-07,CufCJMTTKHk,1672,114,11
2026-10-07,Cy2qJ0Win1I,4618,221,35
2026-10-07,D-dgFUvl7YA,8231,355,21
2026-10-07,D4p6nv2t2FA,245,12,3
2026-10-07,D50nmITTLp8,1810,74,53
2026-10-07,DAuagmdRSOE,11132,372,128
2026-10-07,DBkInEbzPk0,2813,103,40
2026-10-07,DDd5prelU6A,9294,385,78
2026-10-07,DDiDtP-uOqU,2276,182,101
2026-10-07,DI-Oxm-J0W0,5640,176,31
2026-10-07,DIv0FHIZiko,3497,223,31
2026-10-07,DNsUjaDT3AQ,4260,133,35
2026-10-07,DPEZ-FtI4UI,8593,450,77
2026-10-07,DPz-ktdaHII,453,23,1
2026-10-07,DS_neiUmgrA,2718,90,26
2026-10-07,DY9enl751Hk,9354,326,75
2026-10-07,Dcu_IubxG8I,4996,264,39
2026-10-07,Df9q7HerAA4,5012,253,56
2026-10-07,DiLjnRqx0xo,3870,168,44
2026-10-07,DnXALAe3BtY,1601,68,31
2026-10-07,DohrPYUe11o,1550,92,7
2026-10-07,DouSkzKX7NE,6571,223,49
2026-10-07,Drqehd-O2ak,3826,168,18
2026-10-07,DxUH69hEi9k,464,22,22
2026-10-07,E6ac_QwimUk,3753,172,28
2026-10-07,EFc5_Nct8wE,4589,194,31
2026-10-07,EIKIx9Xpl7c,2784,210,53
2026-10-07,E_DqVHrHIxM,8092,234,61
2026-10-07,EckbfLRDGjE,1710,81,33
2026-10-07,EkKqSnrdG7U,2691,133,7
2026-10-07,Ezrw0VHCy7w,280,25,7
2026-10-07,F1hpeZ_T-ww,2886,120,20
2026-10-07,F5y8-ztKpCM,3861,217,50
2026-10-07,F8PMKa1dz9g,738,30,11
2026-10-07,FAIITnGT4wo,4970,266,28
2026-10-07,FAfQTG-v0Cs,3305,217,34
2026-10-07,FEqKnaBExZU,9552,322,30
2026-10-07,FG5G2G-XjhE,14886,631,78
2026-10-07,FIEy7T-kMmQ,1927,80,8
2026-10-07,FKbiHBctwwA,3935,193,34
2026-10-07,FNVB3Ndlrw8,435,28,8
2026-10-07,FSFC8O9LxRU,2521,123,5
2026-10-07,FYtl1LolxwQ,10629,450,55
2026-10-07,Fa8jGX5mvj4,3157,96,21
2026-10-07,FfCJfpHXt8c,4108,195,78
2026-10-07,FgTt2XD_ryA,13976,565,126
2026-10-07,FkK2Rp5xEIc,11282,456,59
2026-10-07,FlGf6zZGtkk,5374,382,65
2026-10-07,FlbiS6qn6oE,2735,178,45
2026-10-07,Fs8L9V90RDk,7971,337,96
2026-10-07,FsemZttxTN8,6248,328,82
2026-10-07,G2COlj5SS54,8122,235,44
2026-10-07,G76WtaecxB4,1210,33,3
2026-10-07,G9YcpN4TAZw,5296,196,17
2026-10-07,GEZg76Swgc8,435,23,10
2026-10-07,GJRAN3_x8U4,3596,214,43
2026-10-07,GTD7cyckPnA,273,9,5
2026-10-07,GYD-rQNG-rI,9012,223,46
2026-10-07,Gdybpz4wjgY,333,23,17
2026-10-07,GgtIBQCZxkQ,5350,181,36
2026-10-07,Gjf4AsYGwU8,11475,569,150
2026-10-07,GkiVQ_WvpZA,13353,383,18
2026-10-07,GqAXRVF_edY,4142,151,40
2026-10-07,GqRwtWVepYw,9725,552,87
2026-10-07,GqWbo7Uo8Ec,5947,266,22
2026-10-07,Gs03wWJ6vFc,968,38,14
2026-10-07,Gx6Z5Aj875s,6875,503,78
2026-10-07,H-jiaEptrx0,4346,293,46
2026-10-07,H3JH96ZJWzM,790,66,20
2026-10-07,H5yOaNKxZ-4,22368,1070,111
2026-10-07,H97Ldv1IXtw,18365,753,202
2026-10-07,HBhaj0_Zm34,4593,213,49
2026-10-07,HDN25GTdn40,3990,88,18
2026-10-07,HRQ4Ibbkkco,2270,83,12
2026-10-07,HUbRq3GR8SI,5024,113,36
2026-10-07,HbNx1HcTEk4,22014,295,31
2026-10-07,HlwfZ6atyLw,1914,48,23
2026-10-07,Hsv6dNsEO40,11352,416,69
2026-10-07,HvQpYQlLGzg,3902,152,24
2026-10-07,Hwi-jokx7aI,2693,186,39
2026-10-07,I-S-0EO3-FA,2912,145,20
2026-10-07,I1sccj6fjQs,3761,215,42
2026-10-07,I3T6O4ez75M,4064,229,62
2026-10-07,I66Prbdjcn0,3514,182,24
2026-10-07,I6nU9HD6GVk,1114,91,10
2026-10-07,I70TmekxAXE,2644,125,77
2026-10-07,IAdR2JdoGr8,10499,390,27
2026-10-07,IB_3oFDAULc,12158,478,62
2026-10-07,IE6oyFF67A0,15983,460,81
2026-10-07,IEIg6U_krbY,10096,378,74
2026-10-07,IF966yryyqY,265,14,13
2026-10-07,IH591H86iFQ,7419,338,84
2026-10-07,IHsdTOEuG4g,8884,327,43
2026-10-07,IJdPXXMpYPk,807,45,19
2026-10-07,IKIrneFKwJY,631,24,16
2026-10-07,IQ3zeRLgnt4,3359,178,34
2026-10-07,IQQViyty9zM,2062,141,16
2026-10-07,ISKY2Bgz_c0,1225,78,45
2026-10-07,IXOacyfD7V4,13886,521,63
2026-10-07,IrGSyH2wlK0,1617,92,11
2026-10-07,IuZyLH50TMQ,23947,806,190
2026-10-07,Ix6NRPPJhd8,1235,85,34
2026-10-07,J-aiAO8-Czk,13276,454,84
2026-10-07,J1tRJRX44zc,2065,124,31
2026-10-07,JH6X6472Gdk,3448,169,33
2026-10-07,JJ0wEMAa0Qg,8834,373,22
2026-10-07,JNuRoWbolfs,6492,284,25
2026-10-07,Jep6zVwriOA,7082,290,28
2026-10-07,Jl2XOwlw5Z4,5995,367,135
2026-10-07,JpctKDg71Pg,1483,128,28
2026-10-07,JpfqYvUYNr8,2207,88,59
2026-10-07,Ju3_gwctpM8,16628,400,87
2026-10-07,Jyn59AgDf6o,7239,247,27
2026-10-07,JzsEVr4W5ng,11710,371,28
2026-10-07,K1YD12TDxwo,1714,66,8
2026-10-07,K2T8Cd4-ba8,709,21,2
2026-10-07,K4YFVRGWGEY,2855,221,25
2026-10-07,K8o_u0_iFJU,8016,332,60
2026-10-07,K9Asd1xasRc,802,47,6
2026-10-07,KEnYv8bMxXM,39712,1055,261
2026-10-07,KLTqQaG2asM,4467,134,20
2026-10-07,KMTemVbHKS4,3436,436,101
2026-10-07,KNT1a6LakZI,4469,155,149
2026-10-07,KOF8EQ_YcOU,12079,588,64
2026-10-07,KOedI8Dr__Y,4584,158,56
2026-10-07,KTnAV2qb5CY,8197,314,44
2026-10-07,KVaKaf9FX5I,8402,446,97
2026-10-07,KXoxeoaSwOA,4560,199,27
2026-10-07,KiOKGmcOb_g,10398,380,42
2026-10-07,KlnSnb7YFEY,2705,160,102
2026-10-07,Kn5RCzQ9ufc,3781,87,11
2026-10-07,KqZv27fFQlQ,155790,4702,516
2026-10-07,KrjMNWiU52A,17094,532,51
2026-10-07,KtjAJuKUbDM,16041,625,61
2026-10-07,L0KEJ_zq0Ak,10804,434,81
2026-10-07,L5c4VvuaU7w,18728,615,62
2026-10-07,LD8rxn2RFNE,4449,120,15
2026-10-07,LMbdAdrLzXg,4330,106,29
2026-10-07,LMryIj-gt9A,2057,136,26
2026-10-07,LNWGlnt3wF4,20084,636,54
2026-10-07,LRySNa5Y0No,5746,221,40
2026-10-07,LSGYVCqNEjc,4380,194,56
2026-10-07,LXW_Z8rp3bU,2237,123,34
2026-10-07,L_mpuGgHhfE,4854,314,46
2026-10-07,LadLiCQaAwQ,5259,200,25
2026-10-07,Lbrq5ramx-A,4584,197,49
2026-10-07,LdYe9MF1QMs,1983,84,28
2026-10-07,Li2lFki33xM,9348,363,36
2026-10-07,Lk6JhpGO69M,10948,388,29
2026-10-07,LmDOOPuqYG8,7861,351,69
2026-10-07,LpqnF4FROjg,365,10,12
2026-10-07,Lswdyl9nZtE,9805,272,31
2026-10-07,M61DCig7ZJY,6265,197,37
2026-10-07,MA41DUCQWfw,2534,157,61
2026-10-07,MM879hqJf1U,18245,481,71
2026-10-07,MRxgJpEyabo,5056,338,26
2026-10-07,MVWyRSiH4uQ,2681,178,36
2026-10-07,MWkhT5GG75k,6986,399,90
2026-10-07,MdkVvgET0Wg,15051,300,50
2026-10-07,MhZ5AKwboh0,10171,352,42
2026-10-07,MsxCeW9nTb0,3360,122,99
2026-10-07,Mtqdsr2BC_A,5639,243,51
2026-10-07,MvMstvlNNzQ,404,24,1
2026-10-07,MxDzq8aLzTo,804,28,16
2026-10-07,N0_ptJC7W48,3854,92,61
2026-10-07,N54m3zy-uzk,3449,82,24
2026-10-07,N6qK7AUqn54,11372,406,78
2026-10-07,NELsP8DaEa8,10160,374,55
2026-10-07,NEahGL5R0HI,14573,655,62
2026-10-07,NHGisiXq7eg,7882,269,54
2026-10-07,NJXuNpJ26us,3897,232,21
2026-10-07,NJelRHbyeWw,7872,343,29
2026-10-07,NRlM9dhgPTg,4352,122,37
2026-10-07,NWOjsRjPomI,2828,86,21
2026-10-07,NX-1jJ1PuxY,8044,422,68
2026-10-07,Nc1nItUxpQQ,8222,213,57
2026-10-07,Nh7jDVmtg0I,1484,66,32
2026-10-07,NvFqtHcCCXs,3596,146,14
2026-10-07,Nz2xOcIryF4,10061,415,54
2026-10-07,O14qr6DPo4Q,7924,429,62
2026-10-07,O1awyI-zPJs,15998,677,149
2026-10-07,OD8Jm9Yk0WY,23048,823,68
2026-10-07,OH7Rlrq71To,36528,948,171
2026-10-07,OHt_00p2dmY,5732,280,45
2026-10-07,OLPoLPMdW_g,2169,80,3
2026-10-07,OVHP92ag6d4,4184,178,71
2026-10-07,OYxpHMuv29k,8926,386,50
2026-10-07,O_7ZySSl0mk,4190,237,49
2026-10-07,OcgJZnE1a6o,771,69,40
2026-10-07,Ocp1_PPM4sI,24948,865,62
2026-10-07,OddgScxecfA,6921,414,99
2026-10-07,Om4MsEtTrnw,1481,41,18
2026-10-07,OsN0NNVuu7o,24363,1114,73
2026-10-07,Ou7NGOVJ8Pc,3241,177,41
2026-10-07,OwK8r2uyqHU,7110,599,62
2026-10-07,P5dvh5HrHaE,8569,411,66
2026-10-07,P6a8zyHf7YY,981,48,10
2026-10-07,P7i-qgVG7c4,1822,55,6
2026-10-07,PLFNoideC9s,12388,438,52
2026-10-07,PM4DofLA2g0,747,25,15
2026-10-07,PUTrIDHNxQs,2499,137,25
2026-10-07,PdO8UebbbSA,1661,114,32
2026-10-07,Pg0oIg89uDQ,5390,316,38
2026-10-07,PgvLUj9yWDQ,713,16,7
2026-10-07,Pk77G5OfECU,5124,174,29
2026-10-07,PkjXvpbR1q8,9821,433,78
2026-10-07,Pt8zI30MFm8,7176,380,48
2026-10-07,PtL2ZgPSF5o,14731,503,61
2026-10-07,Pwf2T_cntdg,21393,891,157
2026-10-07,PxyjUIyE5YI,16585,543,173
2026-10-07,Q-dHeMod7T0,7581,228,84
2026-10-07,Q1zf4SC-AvQ,2886,118,18
2026-10-07,QLdp2ZNFM_s,5364,297,45
2026-10-07,QUNzVqhLUBw,2648,134,31
2026-10-07,QVi7Ze1DEz4,5654,387,103
2026-10-07,QY2ox96a1zA,6115,312,43
2026-10-07,QeCKLvz2tIM,5986,280,47
2026-10-07,QhRPaWYjWYc,4174,157,29
2026-10-07,Qrag4Jg-veo,3917,216,27
2026-10-07,R1S8PFUsVWg,5709,218,43
2026-10-07,R4hO35nd_OI,6904,345,45
2026-10-07,R6Ukz91VIAY,1189,131,54
2026-10-07,R7utAmGPE_M,638,97,76
2026-10-07,RO6gVW9tdbY,1603,108,27
2026-10-07,ROV6ce9dkfI,4299,179,35
2026-10-07,RUy1hElRuUQ,5491,344,43
2026-10-07,RVWlgBZt6h8,5040,235,15
2026-10-07,RXEipSzDgtc,22286,605,107
2026-10-07,Rb2-RE864YY,10868,307,48
2026-10-07,RdvRwihvUUM,3933,185,36
2026-10-07,RgeVF0tu6ng,901,50,11
2026-10-07,RhUoPPchFBU,539,19,10
2026-10-07,RrVaJ5z_3mU,3053,98,18
2026-10-07,Rs5p0EuuTDw,9916,284,91
2026-10-07,Ry8PCL00Sjc,2028,82,15
2026-10-07,RyckAyrt7xQ,30341,991,201
2026-10-07,S0W7nQ2q3Kg,7975,281,6
2026-10-07,SB5QPpcWDXk,8776,350,58
2026-10-07,SCwP-bR498o,2657,100,33
2026-10-07,SGOEY0I_FQA,33904,1391,177
2026-10-07,SHzg-IgnKuI,28067,1022,128
2026-10-07,SKEcZIJKPzc,3631,206,56
2026-10-07,SOXoRwvxcv0,10991,417,91
2026-10-07,SQdrkq_hBzE,1922,83,11
2026-10-07,SW7PfbETFx8,2806,88,23
2026-10-07,SWoYNH7OMZI,1122,50,18
2026-10-07,SeWXiEIm9oI,1672,82,24
2026-10-07,Sf25ENrbQGM,1005,46,14
2026-10-07,ShJ_j2paClA,9534,388,42
2026-10-07,ShkacKGq5Vk,5499,334,35
2026-10-07,SkukxahhmRo,6982,236,37
2026-10-07,Sl5Fl_vOthI,3243,209,49
2026-10-07,Sl5sYEh_UoU,6243,282,67
2026-10-07,Sq3rkK6GhuE,245,15,6
2026-10-07,St5jhqEeasY,4572,112,27
2026-10-07,T2tuMBwhuKc,7111,187,42
2026-10-07,TDOWMduvE1o,3082,200,44
2026-10-07,TEqu2JH5dYc,925,30,9
2026-10-07,TMvgKj-2Z9k,1015,29,1
2026-10-07,TP7VDtErEvY,5478,206,53
2026-10-07,TS9rxa7-CXg,7205,186,42
2026-10-07,TV3fWx4rQh0,2394,83,10
2026-10-07,TWUoFcCtDhA,6632,289,105
2026-10-07,TXAe5nqafRY,1538,69,15
2026-10-07,T_jQIJSkjGo,7476,246,42
2026-10-07,TaY5NrLNABM,1341,34,10
2026-10-07,Tb4JB3eFPXw,6096,288,32
2026-10-07,Te57wukDp8g,4597,240,18
2026-10-07,TgJqTy_mCR4,8579,431,25
2026-10-07,Tj9CJM4ti2w,1750,80,36
2026-10-07,TqAy1jbJ9w8,8542,223,60
2026-10-07,TtCijTAgvPc,5185,257,21
2026-10-07,TvvDTvo-L74,8301,382,47
2026-10-07,TwfHRcdWHRg,4230,120,16
2026-10-07,U4zBHwf2MTw,1708,74,43
2026-10-07,UCaZFYzYm9k,6701,339,18
2026-10-07,UHGfFw-ZT98,3922,205,45
2026-10-07,UJOAvX_FD7o,252,26,16
2026-10-07,UKzsE2t00Jw,419,23,15
2026-10-07,UOOBf83nIco,38831,1059,100
2026-10-07,UQIBN4D_qIs,2707,60,19
2026-10-07,UUUH5xnM-Mc,6369,342,89
2026-10-07,UVdc7kYPJEs,1100,101,34
2026-10-07,UZ3583GSSOo,4063,113,19
2026-10-07,UhuJQBAZv84,10758,278,70
2026-10-07,UiD0-skn904,816,69,19
2026-10-07,Ulotto-Re6w,4420,367,56
2026-10-07,UqLF2eIaDxg,8019,252,82
2026-10-07,V1jmHGrVs_k,9304,413,56
2026-10-07,V2d8qoEGyEU,232,10,1
2026-10-07,V3IHs2DwX0U,708,32,9
2026-10-07,V3nsGV2yOV8,2356,121,16
2026-10-07,V50CUypS7UM,2987,142,24
2026-10-07,V6AOpDTpCO4,5178,150,33
2026-10-07,V6Lm17-mfxA,4627,182,42
2026-10-07,V6d2Dc1l7BA,7161,507,63
2026-10-07,VKJLsmW95wc,3861,192,41
2026-10-07,VKMMVQtaDrM,11782,258,14
2026-10-07,VLJJ9zvdj2Y,5043,238,40
2026-10-07,VTOl1gAKo44,3253,133,25
2026-10-07,VTszds8Y7rU,8156,233,36
2026-10-07,Vb5gSRAHXCA,3895,216,128
2026-10-07,VlgtaUj_dho,4062,217,34
2026-10-07,VoU-7YGmoo0,1854,158,28
2026-10-07,VvVtNiE0bjA,4367,173,14
2026-10-07,VwTMGmXxghU,19555,722,95
2026-10-07,W1UJAOQQDWk,9218,174,18
2026-10-07,W3I8gwLv0Ro,3047,380,53
2026-10-07,W6U3fBgQoVg,1980,144,58
2026-10-07,WD7EzA2sbnI,2118,64,14
2026-10-07,WIP6ZDjQmww,10124,482,36
2026-10-07,WKMTSCW51fI,5237,380,72
2026-10-07,WNFEf_ZwNFw,436,18,6
2026-10-07,WNhZUBZ8tUc,45744,1473,143
2026-10-07,WWIB8ZW1i6w,2967,70,22
2026-10-07,WYGsRorORyI,16929,1174,140
2026-10-07,WjgW6u9Tde8,2010,134,58
2026-10-07,Wu4lafiHjh0,7739,287,27
2026-10-07,WvVMuiXrqcI,7575,290,86
2026-10-07,X22UHszz5Dg,4465,210,162
2026-10-07,X5L0LaarTLg,11275,371,63
2026-10-07,XAQ_GYsV52A,10344,350,75
2026-10-07,XEqxbZoaqUw,5202,144,55
2026-10-07,XIhM9oLObuU,2685,242,48
2026-10-07,XVwO4OvjwI4,2500,95,8
2026-10-07,XWSWCP3TBrc,2915,167,20
2026-10-07,Xm4ScqSNV10,4452,259,67
2026-10-07,XsCgtUDrxck,2213,70,19
2026-10-07,Y66yYblAsq8,1918,64,29
2026-10-07,Y7Rm_Bmu-K0,40341,1240,129
2026-10-07,Y8YjZOGrhJI,3997,222,36
2026-10-07,YA85ddRTnus,5099,149,18
2026-10-07,YA_LFvsyLoU,2295,118,58
2026-10-07,YBMZINlORaw,6051,318,22
2026-10-07,YDlHWsYd23o,4544,358,41
2026-10-07,YDmxUb_oNLI,2747,118,65
2026-10-07,YFjQz7FijWM,15535,551,75
2026-10-07,YOe2PL-1gT0,671,65,21
2026-10-07,YXqYOapYqYc,7865,349,48
2026-10-07,Y_mkJt3oY_k,3607,141,50
2026-10-07,YiKIKU-5KpY,0,0,0
2026-10-07,YpCAi9ofhjs,4376,146,51
2026-10-07,YpMxtemC5y8,4940,165,25
2026-10-07,YqZzdPYfnso,3646,180,13
2026-10-07,Ytbx-7bzEGc,4369,183,33
2026-10-07,Z-s3rXFeosc,6673,161,11
2026-10-07,Z12fVM_cnaI,11053,399,46
2026-10-07,Z2njQkTQDKY,5181,320,73
2026-10-07,Z9Jjrb6xQeo,3631,173,23
2026-10-07,ZA_G9BP9HLY,500,25,13
2026-10-07,ZE2dghmFE8Y,22784,808,93
2026-10-07,ZE3jHXXiSBY,9939,374,35
2026-10-07,ZE9ENcHPRr8,24962,1092,127
2026-10-07,ZG72S1_wBC0,5109,239,36
2026-10-07,ZY_oCjE95Ss,393,42,29
2026-10-07,ZZBZkqJqvu8,11233,345,46
2026-10-07,Z_REKs508KY,6812,235,76
2026-10-07,ZaksbmqvxNM,8644,417,58
2026-10-07,ZcdQLCEyjjU,8796,408,85
2026-10-07,ZfQ7oKzL-Pw,12714,423,40
2026-10-07,ZgN1aMmXELI,4868,196,10
2026-10-07,Zq-NFi8kxlo,50425,1094,132
2026-10-07,ZrqtNoiNSdw,4948,241,47
2026-10-07,ZsIml_y5qU4,146,10,0
2026-10-07,ZtUTR0E7VPY,46500,1805,227
2026-10-07,ZvUISEnjqbQ,5561,232,34
2026-10-07,ZzYTRvOWH1I,4405,202,18
2026-10-07,_3MWGJ7MUTA,2892,169,14
2026-10-07,_8p1UyvwmhI,3996,218,9
2026-10-07,_9BI3P-OH84,1723,96,20
2026-10-07,_BvUrcl5tls,3161,245,65
2026-10-07,_EZK5vA1EX0,5417,211,41
2026-10-07,_FzLqe9KziY,2545,110,13
2026-10-07,_Jlf2Q0xGZ8,5914,286,51
2026-10-07,_LzDM8xt_dA,8138,302,46
2026-10-07,_NHlgOF-WU0,406,14,7
2026-10-07,_OsQEaApgwY,2542,106,37
2026-10-07,_UWA2fCxRHI,3795,153,17
2026-10-07,_auL36M33Aw,2712,201,16
2026-10-07,_eLkGBx1XiE,1082,37,16
2026-10-07,_fcTS5NosDs,1568,82,34
2026-10-07,_r9bm8JLsKc,3451,237,40
2026-10-07,_wWswU9t8HU,212,17,10
2026-10-07,_xEjpsA_iVg,2094,95,12
2026-10-07,_zVLb3rpe5I,6178,571,178
2026-10-07,_zuQYhMwTgs,5869,282,38
2026-10-07,a2L6AbyANjw,13961,367,75
2026-10-07,a2n31BGGWFI,4268,207,44
2026-10-07,a65XoIF7K7Y,8103,255,22
2026-10-07,a6qWlOZtG3E,2136,96,41
2026-10-07,a8g5MvFPwxo,6695,372,35
2026-10-07,aD-WkrzMJrk,2388,101,34
2026-10-07,aDDnbn7KVls,13812,559,54
2026-10-07,aEQu0cO-iG8,2936,167,14
2026-10-07,aIcW25HaFsI,5180,248,28
2026-10-07,aMG8tqZ6bW0,2918,205,11
2026-10-07,aOOR5vp4Kl0,3681,187,43
2026-10-07,aQF7qqm1iHE,2390,115,38
2026-10-07,aVKjY_uB3tA,3430,223,39
2026-10-07,aYgFb-fiwxA,12039,338,37
2026-10-07,acvpoQwncqI,3116,110,28
2026-10-07,ad5pxORFPfk,2445,101,28
2026-10-07,adsB3sGIcVQ,5752,189,23
2026-10-07,afLeJEbZs2k,6490,246,29
2026-10-07,ahyTF-4Agkg,989,42,23
2026-10-07,akC-r5hlDkc,2221,110,39
2026-10-07,aoh738yJBRA,6476,228,35
2026-10-07,aqbo0yu_l6g,16816,652,124
2026-10-07,ar-bXQYvUhs,2518,122,20
2026-10-07,ath0o3oOJCs,6422,335,43
2026-10-07,b4fNiXZPqRQ,10132,386,93
2026-10-07,bHJfRtPpY6E,1672,34,19
2026-10-07,bHuv7kKqe-A,8232,279,84
2026-10-07,bJHikj8skz4,3027,153,21
2026-10-07,bQaZqs74i2Y,5343,186,27
2026-10-07,bQrjspu4mSo,3322,46,13
2026-10-07,bT7qGpnOpo4,4810,208,17
2026-10-07,b_Obp5cBRZk,5700,151,52
2026-10-07,bi3ZAQbw8EI,1876,80,31
2026-10-07,bqTNuZQOziA,10069,158,47
2026-10-07,bqf0zywB-Wo,12056,368,51
2026-10-07,c2ket6Qczzw,1510,62,12
2026-10-07,c3rRnSi93Lw,8798,410,77
2026-10-07,c6WqvHRlRkc,4585,171,62
2026-10-07,c9CotszUwYQ,2384,104,22
2026-10-07,cFn-fD2GmYU,2568,167,17
2026-10-07,cJwXjAKA0-k,5613,214,39
2026-10-07,cR199eKHJ4k,359,12,19
2026-10-07,cWyP2mrcwdM,807,63,17
2026-10-07,cevjHgZRbrg,296,16,7
2026-10-07,cfGpIvLPcPw,5107,328,103
2026-10-07,cga1y52KSCk,3047,156,33
2026-10-07,cjpnhsKzs1Q,2964,118,31
2026-10-07,coqZMUFd2C0,37268,1213,69
2026-10-07,cpd3lbm5tL8,3619,214,42
2026-10-07,cqPVe0nQ1A0,5250,201,65
2026-10-07,cuZsMnQlDQU,14188,473,94
2026-10-07,d-msiY5zz5A,3103,89,19
2026-10-07,d-zJskCnHpI,3187,150,37
2026-10-07,d09nbbfOIA8,5094,83,20
2026-10-07,dFH36q7iWiU,245,12,3
2026-10-07,dHJbG72Itp8,17302,643,141
2026-10-07,dIqUY3R2_3A,8088,388,104
2026-10-07,dSmFHbtrZ7g,18389,628,46
2026-10-07,dURDUSYCm68,15139,445,136
2026-10-07,dWatNWKO9uk,3532,233,86
2026-10-07,de7gpeHMS1Q,382,23,19
2026-10-07,dgkZoy66esM,5363,148,29
2026-10-07,dijHVnTV0aM,6658,247,36
2026-10-07,dl3KzRCU-aQ,6630,203,45
2026-10-07,dlABqtYhbMk,6180,232,14
2026-10-07,dmbvfKzFSLo,3096,205,19
2026-10-07,dn-xSg_FT0A,18427,587,136
2026-10-07,dnI29M9CE44,4096,244,41
2026-10-07,dnUUMRDbasE,1891,100,34
2026-10-07,dp7vq7hweXs,1964,65,13
2026-10-07,dtdf5AeXwB8,422,39,29
2026-10-07,dtoZraGBx54,18403,642,194
2026-10-07,dv-40oFi5ak,7114,320,57
2026-10-07,dx9Qe_629yE,8970,320,32
2026-10-07,e061vqWD0lQ,1022,81,36
2026-10-07,e6iHP-UMZnk,5241,252,87
2026-10-07,e83i1spluHo,6428,219,68
2026-10-07,eARwhWcSGKo,6956,136,41
2026-10-07,eGnLjzejgI4,3061,171,11
2026-10-07,eK7uM-EeLIk,7917,224,16
2026-10-07,eLcRSVAncfc,1355,54,20
2026-10-07,eLhCLA0Jndo,2278,107,32
2026-10-07,eM2S4pWeczs,161224,5655,334
2026-10-07,eOxOgo6VNzQ,3832,242,59
2026-10-07,eUkmg5xOC7c,2499,129,14
2026-10-07,eYY-goMG0N0,4752,289,35
2026-10-07,ebpANnTL0zw,14613,512,92
2026-10-07,ecutxRcKQ6I,6507,265,31
2026-10-07,enR1CfAS5zo,2079,96,34
2026-10-07,ensnUIxTUHE,14273,495,48
2026-10-07,er-8YWX70rk,12925,527,78
2026-10-07,etbk0Z69oDs,833,28,5
2026-10-07,eu92DDq5snw,5531,596,154
2026-10-07,eymQ0rXs7d8,6199,162,81
2026-10-07,f-aH0vpaoyo,10250,602,77
2026-10-07,f7yvLMqdMJo,4216,139,52
2026-10-07,f8fN8Uqbb8s,6193,186,74
2026-10-07,fFdiFTfeCwE,6244,376,24
2026-10-07,fFgFYRumrDU,11569,401,111
2026-10-07,fG1-74pj6A4,17169,510,88
2026-10-07,fHYBRGdrXo0,1948,157,62
2026-10-07,fIo8SE2ky98,2980,132,43
2026-10-07,fKvvShsdaWU,19434,605,40
2026-10-07,fMmn4SMuSdE,4881,198,26
2026-10-07,fQwyeIriRx8,8662,229,53
2026-10-07,fZ7RRiEw54E,6469,251,33
2026-10-07,fbZea8wkoe8,9801,503,82
2026-10-07,ff5ZGdHsgIA,1112,55,22
2026-10-07,fg72xV_ZX8g,790,52,16
2026-10-07,fj2SC2FA324,2146,112,19
2026-10-07,flJTAxtk67w,11442,315,28
2026-10-07,flbyvShpL18,4916,212,51
2026-10-07,fnKAo4k4j0I,27731,499,153
2026-10-07,fsI10W24Ya8,8172,278,37
2026-10-07,fwJag8kazvc,1331,103,22
2026-10-07,gAPX20Ja0zk,2700,219,35
2026-10-07,gENAeokhMHI,4062,222,38
2026-10-07,gK1VHYEXt_0,223,17,15
2026-10-07,gNEGNjVWO0Q,2982,185,29
2026-10-07,gVj7YvOUjfc,1071,70,14
2026-10-07,gWdtuyZNxeQ,11512,406,43
2026-10-07,gXT5p-IBNMg,6119,313,80
2026-10-07,goQs8La8e94,30643,1027,87
2026-10-07,gpKioDijRD4,1537,115,31
2026-10-07,gtGmlmLZ3Ps,1245,38,13
2026-10-07,gy_rDsWx8_4,5114,218,34
2026-10-07,h1qNF-YaHX8,4987,264,60
2026-10-07,hBhD4lpfrvw,4268,148,31
2026-10-07,hBqhV23fZnE,4060,183,18
2026-10-07,hD4BjVn9YXw,4735,241,15
2026-10-07,hRgIER_2tZg,1197,60,10
2026-10-07,hSuSN9-UZUY,15843,537,49
2026-10-07,hUQqvZGsp6A,3687,196,29
2026-10-07,hVMJN3o6-5g,11074,326,118
2026-10-07,hVVP3uqEbXg,9612,687,78
2026-10-07,hX5lVJXMurI,6611,333,57
2026-10-07,h_v3GcIgbvM,18860,560,142
2026-10-07,hhwrtf3g0yY,4779,300,51
2026-10-07,hnnt5l96vVE,3672,164,32
2026-10-07,hrA_TspDTyM,2780,180,23
2026-10-07,hsiq1QlJqCs,37622,488,17
2026-10-07,htuK8cgwC-E,2623,162,52
2026-10-07,hwX4Jil8AFY,2238,85,11
2026-10-07,hy7L_a8J9z4,6158,177,36
2026-10-07,hyisCTgnS0g,809,66,31
2026-10-07,i4tThjQW98w,1477,82,21
2026-10-07,i5Ufb0FYkDM,2836,157,56
2026-10-07,i6kooD4epJ0,10715,329,62
2026-10-07,iCV7kvzQ_bA,21672,674,63
2026-10-07,iCrYuW2ixu8,2234,97,29
2026-10-07,iEHsfr9bvpg,14106,298,24
2026-10-07,iFu9J3h8RBY,8458,385,34
2026-10-07,iHt3VLuizj4,3826,203,35
2026-10-07,iKMz8ICRe8I,21691,549,98
2026-10-07,iNIxuEi7V54,2272,101,10
2026-10-07,iRyAJEXB_hE,3305,233,31
2026-10-07,iYHt1pdScK0,215396,7528,515
2026-10-07,i_bfUG57Je8,10649,437,99
2026-10-07,ipf-y1PaGBg,3871,307,117
2026-10-07,iuZ57o6ph1A,2468,186,31
2026-10-07,ixG3RWG-Xdw,10833,347,75
2026-10-07,j3BrzaBGJqY,3192,129,21
2026-10-07,j50kYrWuR6U,1353,84,48
2026-10-07,j9lMyW5Emo0,7648,317,63
2026-10-07,jBZnliX8R7M,5311,448,73
2026-10-07,jCGuQ1T3kUE,11730,546,75
2026-10-07,jQiLi6ev9zM,5081,193,42
2026-10-07,jTEvYjhQKTM,3585,188,17
2026-10-07,jV8i3ErC3MA,10523,331,72
2026-10-07,jdAA_65-h0E,17705,655,67
2026-10-07,jfEMLlPzKEU,8144,253,38
2026-10-07,jgfWTFUl_58,1482,61,15
2026-10-07,jh22fly0d-k,5278,157,18
2026-10-07,jlV4MmBxgPI,13987,760,105
2026-10-07,jrnfWiLWFJw,385,17,6
2026-10-07,k1SjNJaOJcA,7244,342,79
2026-10-07,k3yhL30Kpnw,1627,90,23
2026-10-07,k4GBTLOy9aE,11549,642,26
2026-10-07,k73d1z4sXCE,2794,176,23
2026-10-07,kCTe19NTny4,2091,127,13
2026-10-07,kCcXFPN8bK0,2768,123,19
2026-10-07,kETEBzJrtSA,7505,203,32
2026-10-07,kFWumpkL5yI,3526,176,21
2026-10-07,kO5VQOB3sxI,6487,325,45
2026-10-07,kSbp6GNfK7Y,4589,331,53
2026-10-07,kUDZK_9QPtA,14868,532,93
2026-10-07,kYmLSudfROM,5742,302,79
2026-10-07,kb2G7jcB3Ls,4292,268,37
2026-10-07,keYeekasjI8,20757,855,111
2026-10-07,kjl_jo_1HTg,2494,89,23
2026-10-07,ko82nHa36U4,9426,499,47
2026-10-07,kpcxQ1XCrq8,254,34,12
2026-10-07,kr9WECLcJWU,3810,143,14
2026-10-07,ktZgSqvfl8o,470,19,10
2026-10-07,kuoLAhyeaJQ,5154,334,68
2026-10-07,kzApFdb-KEs,782,30,17
2026-10-07,kzQhIJnlTsI,101011,3526,248
2026-10-07,l4OOeF2yo9Y,3835,96,18
2026-10-07,lADjNtrJtIo,3221,155,22
2026-10-07,lCTSpZlGMb4,3919,215,37
2026-10-07,lN4Nv7R4sBI,10638,391,40
2026-10-07,lOciy5N92Lg,1560,100,23
2026-10-07,lOomWUxwNlQ,4584,218,32
2026-10-07,lSkunEYX5Go,1750,145,17
2026-10-07,lTCDfNnY4u8,5968,253,37
2026-10-07,lZj5qfUurLw,4139,157,42
2026-10-07,lZm2ZwjEy38,3029,83,21
2026-10-07,lgNWcFP2Ltg,12272,275,67
2026-10-07,lr1GJQXbj4c,1993,131,20
2026-10-07,lvOd4uyJkFE,31341,839,218
2026-10-07,lvtS_HSjXUA,10554,354,42
2026-10-07,m1gcxwLGPos,5718,286,25
2026-10-07,m6233lu5J9Q,12337,541,80
2026-10-07,m9q3qhKxbk4,2492,207,61
2026-10-07,mDDcQa5yCfI,21484,638,101
2026-10-07,mHE2XXExu7Q,1255,73,5
2026-10-07,mHSNcvaQ8YU,1024,89,26
2026-10-07,mM4k2pf-l9E,6136,166,32
2026-10-07,mNKdQ1YwHPc,2935,188,42
2026-10-07,m_vvvpnOHfw,409,19,2
2026-10-07,mhXS2cpJlRo,2005,43,14
2026-10-07,mkJ-QgvLtyk,12718,317,58
2026-10-07,mnu4iJG72y8,5512,190,18
2026-10-07,mptmQfQw-iw,2229,32,9
2026-10-07,n5WXv528CII,18443,576,95
2026-10-07,n93OGgP941o,2391,133,15
2026-10-07,n9XvIj6hOjc,2143,158,27
2026-10-07,nDLFzy9hIow,9885,446,105
2026-10-07,nF0VXXPcAh4,3083,112,13
2026-10-07,nMQCA_C9zoQ,105924,3053,310
2026-10-07,nPV7ftm2WSg,2197,118,20
2026-10-07,nRTuARH-N9A,643,48,11
2026-10-07,nZ-Yf21ufww,9951,271,10
2026-10-07,n_8ek8wvHc8,5613,208,56
2026-10-07,nbqcaybmEe8,11770,496,126
2026-10-07,neQ91eM5hw4,22231,688,71
2026-10-07,nqQ_uK7yUBw,3679,207,22
2026-10-07,nuEwWBGiQ4c,4011,266,34
2026-10-07,nwbp-b7PO4g,7541,345,22
2026-10-07,nxJqaJgDQIE,4416,130,36
2026-10-07,nyHN_s3QpkY,7180,317,36
2026-10-07,o0dULDtKQ-8,10042,516,82
2026-10-07,o4tmiD22BLI,19152,887,87
2026-10-07,oCAyG5S7cIw,10895,391,27
2026-10-07,oDeAAnpEEXU,1994,69,5
2026-10-07,oKTvQ7d9gYw,30378,1074,210
2026-10-07,oPCHIAxcTHw,39500,1998,163
2026-10-07,oRXt4EmUmKk,4337,211,36
2026-10-07,oUdstwXRu2c,2849,124,17
2026-10-07,oZh7YlRGlqA,5376,231,48
2026-10-07,oZjiL501lAY,1416,159,61
2026-10-07,o_FRQ02nigQ,5592,198,52
2026-10-07,ofwkfFci1iI,3428,292,51
2026-10-07,ol2a1T0BgrM,4524,181,23
2026-10-07,ol_M2L_mjBI,2764,124,20
2026-10-07,onlJoxwtQec,1447,66,12
2026-10-07,oo0K4ydn4rw,6071,193,42
2026-10-07,ozShLRF_xgU,2732,54,10
2026-10-07,p23Rm9i_EIg,6846,319,51
2026-10-07,p6uuiKju1Gc,4280,313,56
2026-10-07,p8GqOFBpR5w,4877,340,48
2026-10-07,p8ZK2nre57U,4139,220,38
2026-10-07,pC_lpEworvo,1043,38,5
2026-10-07,pCghepSi0M8,18899,581,146
2026-10-07,pGUjxBQqY5E,4313,197,46
2026-10-07,pKvwesJ8-t0,8763,288,59
2026-10-07,pRB23hC8dZY,3134,279,95
2026-10-07,pUPzkqLt5WM,4579,146,21
2026-10-07,pWY2T3MqfCw,3447,304,46
2026-10-07,pdIXWsxp0_g,3907,234,47
2026-10-07,pms2oKZcuqo,3453,164,33
2026-10-07,ptv9GRoEKs0,3948,176,15
2026-10-07,pyuB406DLuo,11571,445,60
2026-10-07,pzLWWa96_lE,6048,208,35
2026-10-07,q4mgxHWrmLM,6377,399,107
2026-10-07,q52xE5uCNT0,11873,412,78
2026-10-07,qIxGLqP2ZBA,3482,167,16
2026-10-07,qJ6pJMN4eiA,2640,95,44
2026-10-07,qMz0UbGJq4Y,7204,304,51
2026-10-07,qZi9yeRBf94,3888,104,15
2026-10-07,q_TknmNwvqA,6196,324,75
2026-10-07,qabDQ1ebZbQ,6267,236,28
2026-10-07,qbXC7hLKuGM,261,20,12
2026-10-07,qd6gmV0qrrk,14867,621,170
2026-10-07,qiI-rwVGiYQ,2013,114,60
2026-10-07,qkMCHJ28vsI,2452,49,4
2026-10-07,qmcbY6Sr_mw,3419,204,19
2026-10-07,qqQxwunPfLo,5229,321,69
2026-10-07,qzy12XbaJQ4,1533,47,18
2026-10-07,r0ZddKvFa9w,7784,302,54
2026-10-07,r3P6BU0gEVU,7661,232,49
2026-10-07,r4YE2Zghgbc,2940,163,37
2026-10-07,r6_PIKzQJ8Q,3683,262,79
2026-10-07,rAxPIoC8bB4,12982,275,112
2026-10-07,rJ6YCE4gWS0,1676,48,15
2026-10-07,rJeHPb9VWP4,2414,117,15
2026-10-07,rLZUcW0DBTM,10016,283,83
2026-10-07,rLfvnvBj8Ls,5137,209,40
2026-10-07,rOfzCD6AT9A,3129,54,8
2026-10-07,rR2A9ezT_gg,16823,493,56
2026-10-07,rULrrI9GfWU,1366,53,20
2026-10-07,rV23IXWdDOY,17564,287,272
2026-10-07,rVEh3PGiggk,372,26,26
2026-10-07,r_lWb2SpHO4,10565,306,46
2026-10-07,rckZ2uBOGYs,4359,211,22
2026-10-07,rixzhpBKdfg,2742,117,14
2026-10-07,rlnx986Qxkc,13645,497,149
2026-10-07,rojYn7h_-U4,2300,151,15
2026-10-07,rqcOPT_Dg7A,7655,327,106
2026-10-07,ruxKM1qX0Dc,12561,486,67
2026-10-07,rzIPT2DPtvA,5839,304,25
2026-10-07,s2GjWfPbh9I,2040,138,27
2026-10-07,sHQg97i_Hp0,156,14,12
2026-10-07,sO1rprIWDas,4336,245,33
2026-10-07,sQH3xPVic6Y,3936,208,41
2026-10-07,sVwAWTxKDJ0,7999,355,52
2026-10-07,sXRGp_ttFI4,7310,288,53
2026-10-07,sZhgf8PQ5gc,8618,353,104
2026-10-07,scIFhQSvvlE,2766,114,24
2026-10-07,scM9aI9kTus,5011,189,11
2026-10-07,skABNIsQ3fA,12680,672,33
2026-10-07,smATVd6dk-k,14294,594,94
2026-10-07,sqx6twZgR-k,3965,213,36
2026-10-07,ssIA_N2u50Y,7320,254,45
2026-10-07,syPu5HdMT4k,1022,19,8
2026-10-07,t01TItG_UAQ,607,28,6
2026-10-07,t1UIIjuMirY,8803,322,120
2026-10-07,t1kj63890o8,3715,228,40
2026-10-07,t3G_N5DO6us,6378,191,52
2026-10-07,t4gVVdxtNWE,8784,280,147
2026-10-07,tGsk0H21JgE,2163,159,23
2026-10-07,t_RBOUZAqGw,4616,143,32
2026-10-07,tcomjtcMjLE,1108,96,45
2026-10-07,tdc-zfxIlEY,33430,893,153
2026-10-07,tiDCtcHjdQU,7384,249,60
2026-10-07,trS0kTq6Tk8,1658,57,39
2026-10-07,txSX7-1XQOE,2685,67,12
2026-10-07,tyRJESdSDm4,15125,361,52
2026-10-07,tz7n--I4rDU,1509,65,11
2026-10-07,u00LAYagwGo,4553,215,26
2026-10-07,u4e1ijV4iRQ,5440,175,19
2026-10-07,u7xKzLuKt5I,17678,1612,365
2026-10-07,uXbngiOXOD0,10530,547,93
2026-10-07,ub9JNL8EhJ4,1497,65,19
2026-10-07,uk5ADKNqHoc,1531,115,9
2026-10-07,ul9Sw7brukY,1608,50,1
2026-10-07,umNEJg2sj50,992,60,22
2026-10-07,un8Mt5f-mUE,10736,288,43
2026-10-07,usRrwR8CUb8,9533,519,20
2026-10-07,uxxwN68AJHE,5647,275,49
2026-10-07,uyU-yMW5jMg,4592,79,21
2026-10-07,v-ylvHTi_Mc,3434,136,24
2026-10-07,v0kp6W42yf4,2937,114,25
2026-10-07,v1J7bERLirA,3345,90,34
2026-10-07,v9INdKeBJEI,43710,1603,168
2026-10-07,vDzWHTMsp_Y,1765,58,12
2026-10-07,vHvpM9nSO3Q,4110,252,37
2026-10-07,vIAhcX4SppA,3236,134,26
2026-10-07,vKYW7MTBAFg,10223,367,20
2026-10-07,vM5V9hoDKnQ,9088,392,35
2026-10-07,vQI78T3g4Gg,6346,314,62
2026-10-07,vUEmbLAxZ0Y,1103,71,30
2026-10-07,vWTTG9XlMoY,14683,694,63
2026-10-07,v_JJzLJ0eRw,4783,215,46
2026-10-07,vmSPrsKC8i8,53183,1554,152
2026-10-07,vqsoh8y6xa8,5677,297,49
2026-10-07,vuvK_DUcqCk,8319,416,47
2026-10-07,vy88MX2ss_g,7620,380,67
2026-10-07,vyg196YvsgE,1059,36,4
2026-10-07,w3HciqK70s4,1694,119,53
2026-10-07,w68xGF_YIgU,26394,843,127
2026-10-07,w6b2AkddE8Y,2671,155,52
2026-10-07,w9kpcvkWngA,6733,281,50
2026-10-07,wBWXzI7uJYo,3813,214,38
2026-10-07,wGDSdaXZj00,45935,1551,204
2026-10-07,wHcblaGXua8,10585,308,28
2026-10-07,wLB8pR4uME0,2868,197,36
2026-10-07,wSEMUoR4FS4,1502,96,34
2026-10-07,wSnq-Unha34,210398,6260,413
2026-10-07,wX47G7oi_Z4,1970,82,13
2026-10-07,wg1R2_G_LEc,6654,243,65
2026-10-07,wnahjxPk5rk,2300,117,11
2026-10-07,wpHm4ARAChc,23388,976,84
2026-10-07,wpWCpGTZE2A,1967,90,10
2026-10-07,wuZgRtutoHQ,8250,357,79
2026-10-07,wutJAXwvMqo,9699,465,90
2026-10-07,wwtaQ_PNx1M,2983,97,23
2026-10-07,wxWz6zDC2wo,1531,56,32
2026-10-07,wzSn1b5XXtk,1951,60,8
2026-10-07,x3gjYoDR5tA,2679,149,8
2026-10-07,x5fPiJUOMk0,3958,223,31
2026-10-07,xMbY5fkmK0A,3658,236,41
2026-10-07,xQKEy65zAso,65771,1826,114
2026-10-07,xTpYdSgeWPc,1191,52,4
2026-10-07,x_KffjhARa0,2844,266,101
2026-10-07,xe6w3VmUf5I,6171,263,38
2026-10-07,xs2J2KW1q8Q,8556,442,68
2026-10-07,xvdkNKQAbJ8,1855,45,13
2026-10-07,xwLoo8ThKHI,863,42,18
2026-10-07,xxC2s5JBYZM,332,24,20
2026-10-07,xya7ZlFJ-x8,2295,152,12
2026-10-07,y3rXMXG_UF8,3845,246,30
2026-10-07,y4Yqheg9DuY,16015,606,72
2026-10-07,y6T5kX1L0aw,1633,102,64
2026-10-07,y76fsYJCAO0,1668,95,19
2026-10-07,y8mTWAs2PPw,3221,145,16
2026-10-07,yF9W5KZ4lfs,6580,130,43
2026-10-07,yGc4NnBE6nY,5012,199,36
2026-10-07,yKCrM_XkKaY,15849,363,82
2026-10-07,yKIM1UxtbpU,2130,70,16
2026-10-07,yPh9jEw5_Lw,3003,229,43
2026-10-07,ySg8CEjxwwo,5882,92,36
2026-10-07,yUQ4NYv_io0,3645,223,30
2026-10-07,yXWhKEoL3QU,4021,204,25
2026-10-07,yo-Wdxc6ng0,3548,177,26
2026-10-07,yrJ1mvA6eIM,10525,250,28
2026-10-07,yrcwoFLtS5Y,7611,320,22
2026-10-07,ytt9pEb78FA,5143,155,41
2026-10-07,z-n_vz4gFRw,14946,498,63
2026-10-07,z0A-aCcVXSA,3122,88,26
2026-10-07,z2SU31i7Uo4,9799,455,67
2026-10-07,z8MJYHsQh5c,17762,675,219
2026-10-07,zCk1p-hPBCs,158,10,0
2026-10-07,zDtacZ_qT0Y,12485,371,78
2026-10-07,zI6L_SkYqkU,1276,52,20
2026-10-07,zLgpLCYCbyA,2599,93,2
2026-10-07,zSvZdF7CBjU,6373,271,50
2026-10-07,zVMIZRDSvCc,1794,77,21
2026-10-07,zceKtRTdgSo,17700,610,37
2026-10-07,zjYgzIlRmOk,7233,315,23
2026-10-07,zksWnpcM05I,4420,232,33
2026-10-07,zpX-Xs1a9MY,3169,168,8
2026-10-07,zrRTPvOBEnU,2844,62,16
2026-10-07,zsRQcswYx8w,2853,190,19
2026-10-07,zsYZHcSRvB8,25844,853,75
2026-10-07,zsaXdCEuYsY,2274,50,11
2026-10-07,zufjmNpcSlg,1617,98,19
2026-10-07,zvjhIylspTc,10217,421,90
2026-10-07,zxwGfKCo6as,4776,180,72
2026-10-07,zyY2aRVZMp4,1299,40,11
2026-10-07,zzWIE6Sg_E0,22880,994,190
2026-10-08,0Zsljntls0k,4107,172,28
2026-10-08,0c5PF6WpL7o,1190,94,16
2026-10-08,132bn7FWRws,3353,65,24
2026-10-08,1GeNGNh50Fw,11487,182,25
2026-10-08,1eL6P_PR6FA,226374,1909,163
2026-10-08,2ofNdVb9xTo,2649,36,8
2026-10-08,4n4yKMederk,10008,361,42
2026-10-08,5POKUC3oXqw,2524,44,14
2026-10-08,5nA2pvB3qjA,15387,274,64
2026-10-08,5zi4AXEg4HE,3697,61,14
2026-10-08,8tutVKxm8Fk,9665,166,20
2026-10-08,9rJgQmuc2SM,7131,378,35
2026-10-08,ATXZbbUsHVw,9831,195,37
2026-10-08,Ak6bqOmu8ZI,16040,268,41
2026-10-08,GkiVQ_WvpZA,13363,383,18
2026-10-08,I6nU9HD6GVk,1123,90,10
2026-10-08,JJ0wEMAa0Qg,8854,373,22
2026-10-08,JpctKDg71Pg,1487,127,28
2026-10-08,MdkVvgET0Wg,15129,301,50
2026-10-08,NEahGL5R0HI,14631,658,62
2026-10-08,NJXuNpJ26us,3902,231,21
2026-10-08,Pg0oIg89uDQ,5403,317,38
2026-10-08,S_O0v_5almw,2388,81,5
2026-10-08,W1UJAOQQDWk,9233,174,18
2026-10-08,aEQu0cO-iG8,2947,167,14
2026-10-08,aVKjY_uB3tA,3455,223,39
2026-10-08,bQrjspu4mSo,3369,46,13
2026-10-08,eARwhWcSGKo,6963,137,41
2026-10-08,fnKAo4k4j0I,27752,500,153
2026-10-08,fwJag8kazvc,1334,102,22
2026-10-08,hVVP3uqEbXg,9642,690,78
2026-10-08,mptmQfQw-iw,2503,35,9
2026-10-08,nqQ_uK7yUBw,3689,207,22
2026-10-08,ozShLRF_xgU,2739,54,10
2026-10-08,pCghepSi0M8,19034,584,146
2026-10-08,r6_PIKzQJ8Q,3701,261,79
2026-10-08,rOfzCD6AT9A,3148,54,8
2026-10-08,uyU-yMW5jMg,4607,79,21
2026-10-09,-Fkj0aK2dO8,6191,266,51
2026-10-09,0Zsljntls0k,4109,173,28
2026-10-09,0c5PF6WpL7o,1191,94,16
2026-10-09,132bn7FWRws,3354,65,24
2026-10-09,1GeNGNh50Fw,11505,184,25
2026-10-09,1eL6P_PR6FA,228555,1936,163
2026-10-09,2ofNdVb9xTo,2692,36,8
2026-10-09,4n4yKMederk,10037,361,42
2026-10-09,5POKUC3oXqw,2549,44,14
2026-10-09,5nA2pvB3qjA,15969,279,64
2026-10-09,5zi4AXEg4HE,3707,61,14
2026-10-09,7sRKccOoPbY,9482,438,61
2026-10-09,8tutVKxm8Fk,9691,166,20
2026-10-09,9rJgQmuc2SM,7135,378,35
2026-10-09,ATXZbbUsHVw,9859,195,37
2026-10-09,Ak6bqOmu8ZI,16081,270,41
2026-10-09,Ati51CQqpKY,6574,327,56
2026-10-09,GME--_-r_lU,3864,228,23
2026-10-09,GkiVQ_WvpZA,13381,384,18
2026-10-09,I6nU9HD6GVk,1125,90,10
2026-10-09,JJ0wEMAa0Qg,8870,373,22
2026-10-09,JpctKDg71Pg,1493,127,28
2026-10-09,KNwEQXDv5XM,8896,381,49
2026-10-09,Kh_0ICA5cfg,6718,408,63
2026-10-09,MOmBOx1LEJU,53862,1977,164
2026-10-09,MdkVvgET0Wg,15208,302,50
2026-10-09,NEahGL5R0HI,14693,659,62
2026-10-09,NJXuNpJ26us,3913,231,21
2026-10-09,Pg0oIg89uDQ,5411,317,38
2026-10-09,QQh0twun7tg,51777,1779,114
2026-10-09,S_O0v_5almw,3510,111,9
2026-10-09,U9sNqbVd1L8,4843,313,50
2026-10-09,W1UJAOQQDWk,9243,174,17
2026-10-09,_ALc4VJkpjA,14185,483,82
2026-10-09,aEQu0cO-iG8,2970,167,14
2026-10-09,aVKjY_uB3tA,3472,223,39
2026-10-09,bQrjspu4mSo,3401,47,13
2026-10-09,cMFi9XkhDDQ,2657,139,48
2026-10-09,ccZaP6LEaLI,10769,531,54
2026-10-09,eARwhWcSGKo,6965,137,41
2026-10-09,eokbRB_Y2CU,4931,265,37
2026-10-09,f1eFQJocAow,8180,352,69
2026-10-09,fnKAo4k4j0I,27759,500,153
2026-10-09,fwJag8kazvc,1337,102,22
2026-10-09,hVVP3uqEbXg,9659,690,78
2026-10-09,mOqGGh-ot08,14026,577,86
2026-10-09,mptmQfQw-iw,2596,36,9
2026-10-09,nqQ_uK7yUBw,3693,207,22
2026-10-09,ozShLRF_xgU,2740,54,10
2026-10-09,p-Ig77st4KY,9875,482,70
2026-10-09,pCghepSi0M8,19134,584,146
2026-10-09,pTqxjQV_PYU,10355,401,46
2026-10-09,pj41DZonKFU,6448,303,32
2026-10-09,ppIXkOvS4WI,5087,271,47
2026-10-09,r6_PIKzQJ8Q,3706,261,79
2026-10-09,rOfzCD6AT9A,3149,54,8
2026-10-09,sl11WONqgaQ,3923,282,46
2026-10-09,uNX13pgpGBU,6105,341,32
2026-10-09,uyU-yMW5jMg,4611,79,21
2026-10-09,yJTEsQi0G98,1778,133,47
2026-10-09,zXbAf49C9vE,7930,393,32
2026-10-10,0Zsljntls0k,4113,173,28
2026-10-10,0c5PF6WpL7o,1193,94,16
2026-10-10,132bn7FWRws,3356,65,24
2026-10-10,1GeNGNh50Fw,11515,184,25
2026-10-10,1eL6P_PR6FA,231099,1945,163
2026-10-10,2ofNdVb9xTo,2716,36,8
2026-10-10,4n4yKMederk,10058,361,42
2026-10-10,5POKUC3oXqw,2565,45,14
2026-10-10,5nA2pvB3qjA,16474,280,64
2026-10-10,5zi4AXEg4HE,3714,61,14
2026-10-10,8tutVKxm8Fk,9712,166,20
2026-10-10,9rJgQmuc2SM,7139,378,35
2026-10-10,ATXZbbUsHVw,9869,195,37
2026-10-10,Ak6bqOmu8ZI,16115,271,41
2026-10-10,GkiVQ_WvpZA,13400,384,18
2026-10-10,I6nU9HD6GVk,1126,90,10
2026-10-10,JJ0wEMAa0Qg,8883,373,22
2026-10-10,JpctKDg71Pg,1495,127,28
2026-10-10,MdkVvgET0Wg,15252,303,51
2026-10-10,NJXuNpJ26us,3921,232,21
2026-10-10,Pg0oIg89uDQ,5415,317,38
2026-10-10,S_O0v_5almw,3826,116,9
2026-10-10,W1UJAOQQDWk,9252,174,17
2026-10-10,aEQu0cO-iG8,2990,167,14
2026-10-10,aVKjY_uB3tA,3476,223,39
2026-10-10,bQrjspu4mSo,3438,47,13
2026-10-10,eARwhWcSGKo,6968,137,41
2026-10-10,fnKAo4k4j0I,27768,500,153
2026-10-10,fwJag8kazvc,1339,102,22
2026-10-10,hVVP3uqEbXg,9670,690,78
2026-10-10,mptmQfQw-iw,2646,38,9
2026-10-10,nqQ_uK7yUBw,3701,207,22
2026-10-10,ozShLRF_xgU,2741,54,10
2026-10-10,pCghepSi0M8,19250,585,146
2026-10-10,r6_PIKzQJ8Q,3714,261,79
2026-10-10,rOfzCD6AT9A,3152,54,8
2026-10-10,uyU-yMW5jMg,4619,79,21
